<?xml version="1.0" encoding="utf-8" standalone="yes" ?>
<rss version="2.0" xmlns:atom="http://www.w3.org/2005/Atom">
  <channel>
    <title>Netlify | Jojo Abalos</title>
    <link>/tags/netlify/</link>
      <atom:link href="/tags/netlify/index.xml" rel="self" type="application/rss+xml" />
    <description>Netlify</description>
    <generator>Source Themes Academic (https://sourcethemes.com/academic/)</generator><language>en-us</language><lastBuildDate>Fri, 10 Apr 2020 00:00:00 +0000</lastBuildDate>
    <image>
      <url>/images/icon_hu0b7a4cb9992c9ac0e91bd28ffd38dd00_9727_512x512_fill_lanczos_center_2.png</url>
      <title>Netlify</title>
      <link>/tags/netlify/</link>
    </image>
    
    <item>
      <title>Creating My First Website Using R</title>
      <link>/post/creating-my-first-website-using-r/</link>
      <pubDate>Fri, 10 Apr 2020 00:00:00 +0000</pubDate>
      <guid>/post/creating-my-first-website-using-r/</guid>
      <description>&lt;p&gt;I came across this twitter post from 
&lt;a href=&#34;https://twitter.com/dsquintana?s=20&#34; target=&#34;_blank&#34; rel=&#34;noopener&#34;&gt;@dsquintana&lt;/a&gt; and this encouraged me to make this personal static website.&lt;/p&gt;
&lt;blockquote class=&#34;twitter-tweet&#34;&gt;&lt;p lang=&#34;en&#34; dir=&#34;ltr&#34;&gt;📝🖥 &amp;quot;How to make a free personal website in R&amp;quot;&lt;br&gt;&lt;br&gt;👤 Dan Quintana &lt;a href=&#34;https://twitter.com/dsquintana?ref_src=twsrc%5Etfw&#34;&gt;@dsquintana&lt;/a&gt;&lt;a href=&#34;https://t.co/YfWLI0RLvj&#34;&gt;https://t.co/YfWLI0RLvj&lt;/a&gt;&lt;a href=&#34;https://twitter.com/hashtag/rstats?src=hash&amp;amp;ref_src=twsrc%5Etfw&#34;&gt;#rstats&lt;/a&gt; &lt;a href=&#34;https://t.co/x8uNbXaGEr&#34;&gt;pic.twitter.com/x8uNbXaGEr&lt;/a&gt;&lt;/p&gt;&amp;mdash; R posts you might have missed! (@icymi_r) &lt;a href=&#34;https://twitter.com/icymi_r/status/1246295506495700996?ref_src=twsrc%5Etfw&#34;&gt;April 4, 2020&lt;/a&gt;&lt;/blockquote&gt; &lt;script async src=&#34;https://platform.twitter.com/widgets.js&#34; charset=&#34;utf-8&#34;&gt;&lt;/script&gt; 
&lt;p&gt;I have tinkered quite a bit on &lt;code&gt;blogdown&lt;/code&gt; r package authored by 
&lt;a href=&#34;https://twitter.com/xieyihui?s=20&#34; target=&#34;_blank&#34; rel=&#34;noopener&#34;&gt;@xieyihui&lt;/a&gt; awhile back when I watched his webinar vid. I got reunited to this recently, and now was able to have a complete setup using R Studio, Blogdown, Github, Netlify and Namecheap.&lt;/p&gt;
&lt;p&gt;After some few struggles, I am quite happy to have successfully configured the continuous deployment from Github in Netlify.&lt;/p&gt;
&lt;p&gt;Here are the key steps that I took to help me bring this site up.&lt;/p&gt;
&lt;ol&gt;
&lt;li&gt;
&lt;p&gt;Using R Studio, install the blogdown package &lt;code&gt;install.packages(&#39;blogdown&#39;)&lt;/code&gt;&lt;/p&gt;
&lt;/li&gt;
&lt;li&gt;
&lt;p&gt;Create a new project, select &amp;ldquo;website using blogdown&amp;rdquo; and type in &lt;em&gt;gcushen/hugo-academic&lt;/em&gt; in the Hugo Theme field.&lt;/p&gt;
&lt;/li&gt;
&lt;li&gt;
&lt;p&gt;Set-up the relevant files accordingly.  Refer to this 
&lt;a href=&#34;https://www.dsquintana.blog/free-website-in-r-easy/&#34; target=&#34;_blank&#34; rel=&#34;noopener&#34;&gt;link&lt;/a&gt; for the specifics in setting up the files.&lt;/p&gt;
&lt;/li&gt;
&lt;li&gt;
&lt;p&gt;To view the website, you can use &lt;code&gt;blogdown::serve_site()&lt;/code&gt;.&lt;/p&gt;
&lt;/li&gt;
&lt;li&gt;
&lt;p&gt;Setup an account in 
&lt;a href=&#34;https://www.netlify.com/&#34; target=&#34;_blank&#34; rel=&#34;noopener&#34;&gt;Netlify&lt;/a&gt; where you can host your website.&lt;/p&gt;
&lt;/li&gt;
&lt;li&gt;
&lt;p&gt;In case you are a student in an accredited university, you can apply for a free academic domain &lt;code&gt;yourname.me&lt;/code&gt; in 
&lt;a href=&#34;https://www.namecheap.com/&#34; target=&#34;_blank&#34; rel=&#34;noopener&#34;&gt;Namecheap&lt;/a&gt;.&lt;/p&gt;
&lt;/li&gt;
&lt;li&gt;
&lt;p&gt;Link your Netlify hosted website to your domain in Namecheap.&lt;/p&gt;
&lt;/li&gt;
&lt;li&gt;
&lt;p&gt;Create a Github account and upload your blogdown project files to a new repository.&lt;/p&gt;
&lt;/li&gt;
&lt;li&gt;
&lt;p&gt;Setup continuous deployment setting from git repository in Netlify.&lt;/p&gt;
&lt;/li&gt;
&lt;/ol&gt;
&lt;p&gt;&lt;em&gt;Note: I intend to update this post with the specifics on each of the steps for reference. Meantime, let me know if you need some more details in any of the above steps&lt;/em&gt;&lt;/p&gt;
</description>
    </item>
    
  </channel>
</rss>
